504172,The Mule
480530,Creed II
405774,Bird Box
429197,Vice
505954,Т-34
424694,Bohemian Rhapsody
369972,First Man
440626,Собибор
375262,The Favourite
446021,Bad Times at the El Royale
426426,Roma
484247,A Simple Favor
332562,A Star Is Born
398173,The House That Jack Built
470044,The Hate U Give
407436,Mowgli: Legend of the Jungle
438808,White Boy Rick
429203,The Old Man & the Gun
569547,Black Mirror: Bandersnatch
487558,BlacKkKlansman
458594,Peppermint
489999,Searching
399360,Alpha
446101,Assassination Nation
447332,A Quiet Place
334543,Lion
455207,Crazy Rich Asians
157336,Interstellar
446807,The Girl in the Spider's Web
450465,Glass
400535,Sicario: Day of the Soldado
155,The Dark Knight
489931,American Animals
399055,The Shape of Water
315635,Spider-Man: Homecoming
466411,Speed Kills
490132,Green Book
454227,Outlaw King
210577,Gone Girl
537996,The Ballad of Buster Scruggs
449459,The Vanishing
460071,Lizzie
474354,22 July
150689,Cinderella
263115,Logan
440472,The Upside
337167,Fifty Shades Freed
316029,The Greatest Showman
451925,Time Freak
286217,The Martian
205596,The Imitation Game
150540,Inside Out
472734,Dumplin'
8966,Twilight
244786,Whiplash
228150,Fury
374720,Dunkirk
329865,Arrival
489930,Blindspotting
455980,Tag
68718,Django Unchained
295011,Patient Zero
505192,万引き家族
194662,Birdman
168259,Furious 7
451915,Beautiful Boy
49026,The Dark Knight Rises
419743,Disobedience
216015,Fifty Shades of Grey
339103,Gotti
486947,Den skyldige
242582,Nightcrawler
272,Batman Begins
391713,Lady Bird
254128,San Andreas
119450,Dawn of the Planet of the Apes
106646,The Wolf of Wall Street
312221,Creed
460868,The Accidental Prime Minister
459910,Braven
468362,The Angel
500475,SuperFly
381284,Hidden Figures
324786,Hacksaw Ridge
458737,First Reformed
499963,The Aspern Papers
350,The Devil Wears Prada
11324,Shutter Island
543709,Adriana Lecouvreur - Met Opera Live
470894,At First Light
508763,A Dog's Way Home
406997,Wonder
438145,Black '47
281957,The Revenant
340674,Dark Crimes
273248,The Hateful Eight
16869,Inglourious Basterds
443009,"Don't Worry, He Won't Get Far on Foot"
429351,12 Strong
417261,Forever My Girl
264660,Ex Machina
346672,Underworld: Blood Wars
448776,A Prayer Before Dawn
554600,Uri: The Surgical Strike
281338,War for the Planet of the Apes
476292,Maquia: When the Promised Flower Blooms
429417,Ghost Stories
395841,Hold the Dark
313369,La La Land
481117,The Brawler
359940,"Three Billboards Outside Ebbing, Missouri"
49047,Gravity
489929,Destination Wedding
49017,Dracula Untold
152601,Her
503346,Occupation
449176,"Love, Simon"
464502,Acrimony
1422,The Departed
440298,Zimna wojna
399404,Darkest Hour
395990,Death Wish
17979,A Christmas Carol
389015,"I, Tonya"
398818,Call Me by Your Name
315837,Ghost in the Shell
437586,Mid90s
454610,Anthem of a Teenage Prophet
429415,Extinction
379149,The Foreigner
400617,Phantom Thread
399905,여자전쟁: 비열한 거래
425972,Cargo
500919,211
562278,Mon ami Walid
412862,ராட்சசன்
496274,The Thinning: New World Order
396371,Molly's Game
376867,Moonlight
470229,Summer of 84
400579,Tully
278927,The Jungle Book
419831,I Kill Giants
392044,Murder on the Orient Express
1124,The Prestige
385332,Terminal
1402,The Pursuit of Happyness
454652,Colette
536176,Brexit: The Uncivil War
475094,Der Hauptmann
372058,君の名は。
395834,Wind River
446354,The Post
18239,The Twilight Saga: New Moon
340666,Nocturnal Animals
401469,Widows
335797,Sing
146233,Prisoners
341174,Fifty Shades Darker
561362,Rust Creek
44214,Black Swan
38,Eternal Sunshine of the Spotless Mind
61791,Rise of the Planet of the Apes
395991,Only the Brave
566402,Vinaya Vidheya Rama
77338,Intouchables
75780,Jack Reacher
381283,mother!
58595,Snow White and the Huntsman
53182,300: Rise of an Empire
273481,Sicario
147441,Exodus: Gods and Kings
406990,What Happened to Monday
112160,Chroniques sexuelles d'une famille d'aujourd'hui
62764,Mirror Mirror
11130,The Princess Diaries 2: Royal Engagement
381289,A Dog's Purpose
530442,"My Teacher, My Obsession"
462919,Sierra Burgess Is a Loser
37799,The Social Network
2503,The Bourne Ultimatum
652,Troy
361292,Suspiria
120467,The Grand Budapest Hotel
390874,Ashes in the Snow
154400,The Drop
72190,World War Z
283366,Miss Peregrine's Home for Peculiar Children
68724,Elysium
414191,Our House
446791,All the Money in the World
307081,Southpaw
24021,The Twilight Saga: Eclipse
2502,The Bourne Supremacy
265208,Wild Card
436931,劇場版ポケットモンスター　キミにきめた！
489927,The Kindergarten Teacher
556310,Bombairiya
384680,Hostiles
222935,The Fault in Our Stars
396461,Under the Silver Lake
6479,I Am Legend
395992,Life
6977,No Country for Old Men
399170,Logan Lucky
394117,The Florida Project
433498,Papillon
274857,King Arthur: Legend of the Sword
426613,The Miseducation of Cameron Post
205587,The Judge
290595,The Huntsman: Winter's War
176147,Heimliche Liebe - Der Schüler und die Postbotin
4922,The Curious Case of Benjamin Button
453201,The 15:17 to Paris
572292,Psychobitch
419478,Midnight Sun
168672,American Hustle
401905,Fahrenheit 451
520360,King of Thieves
489925,Eighth Grade
370663,Below Her Mouth
525554,Lukas
301337,Downsizing
76203,12 Years a Slave
493006,名探偵コナン ゼロの執行人
274870,Passengers
110415,Snowpiercer
121046,Eternity
440161,The Sisters Brothers
201088,Blackhat
418827,젊은 형부
296096,Me Before You
50620,The Twilight Saga: Breaking Dawn - Part 2
11036,The Notebook
399057,The Killing of a Sacred Deer
429191,Una mujer fantástica
345920,Collateral Beauty
207932,Inferno
429195,Dark River
334522,Alone in Berlin
407448,Detroit
1495,Kingdom of Heaven
425336,Loving Pablo
505460,நாடக மேடை
548727,この道
82693,Silver Linings Playbook
13374,Ice Princess
449924,葉問4
385360,Billionaire Boys Club
12405,Slumdog Millionaire
385448,The Little Mermaid
254320,The Lobster
318846,The Big Short
334541,Manchester by the Sea
353326,The Man Who Knew Infinity
538362,Sulla mia pelle
220882,London Fields
290098,아가씨
530154,Lust Stories
487670,The Death of Superman
397837,Before I Fall
510284,Braid
124905,Godzilla
334533,Captain Fantastic
314365,Spotlight
463858,Première année
333348,Love the Coopers
458344,"Juliet, Naked"
310307,The Founder
417812,Wildlife
65754,The Girl with the Dragon Tattoo
86834,Noah
332567,The Shallows
9693,Children of Men
64682,The Great Gatsby
13223,Gran Torino
371638,The Disaster Artist
64690,Drive
465136,Every Day
382591,Demain tout commence
463684,Velvet Buzzsaw
244761,The Captive
302946,The Accountant
254,King Kong
115290,Blue Lagoon: The Awakening
39538,Contagion
171274,Inherent Vice
398181,You Were Never Really Here
87827,Life of Pi
86331,Q
296098,Bridge of Spies
493551,Operation Finale
338768,Please Stand By
339380,On the Basis of Sex
502682,Book Club
152532,Dallas Buyers Club
70,Million Dollar Baby
68734,Argo
492452,Ben Is Back
363676,Sully
122906,About Time
28178,Hachi: A Dog's Tale
1579,Apocalypto
787,Mr. & Mrs. Smith
346685,The Girl on the Train
186,Lucky Number Slevin
241554,Run All Night
96721,Rush
414919,Hart Beat
462391,ஆண் தேவதை
455108,The Little Stranger
369885,Allied
1491,The Illusionist
4348,Pride & Prejudice
19913,(500) Days of Summer
483184,Dogman
258216,Nymphomaniac: Vol. I
116745,The Secret Life of Walter Mitty
22803,Law Abiding Citizen
97630,Zero Dark Thirty
266856,The Theory of Everything
454283,Action Point
365222,葉問3
470878,I Can Only Imagine
534993,பேட்ட
338766,Hell or High Water
37958,Immortals
333371,10 Cloverfield Lane
196867,Annie
290512,The Mountain Between Us
496328,संजू
303991,Demolition
416477,The Big Sick
353070,Going in Style
435577,Den 12. mann
17431,Moon
14574,The Boy in the Striped Pyjamas
339692,Shot Caller
491584,버닝
300671,13 Hours: The Secret Soldiers of Benghazi
339988,The Circle
296524,Deepwater Horizon
512412,Backtrace
343674,Gerald's Game
8456,Never Back Down
9009,Dark Water
413362,"Roman J. Israel, Esq."
372343,The Snowman
432301,Chappaquiddick
544510,Edmond
